Workbook

Sheet 00_Start
A1: PCC | EARTH PROGRAM WORKBOOK
A2: แบบทำงานเสนอสำหรับ Earth / Mentor • ข้อมูลรายทีมยังไม่ถูกกรอก • 17+7 เป็นจำนวนที่ผู้ใช้แจ้ง ไม่ใช่รายชื่อที่ตรวจแล้ว
A5: รายการ | B5: ค่า / วิธีใช้ | C5: ผู้รับผิดชอบ
A6: วันที่อ้างอิงสำหรับเตือนงาน | B6: 46293 | C6: Earth ปรับวันที่นี้ก่อนใช้
A7: จำนวนแถวทีมพัฒนาในแม่แบบ | B7: =COUNTIF('01_Teams'!B6:B29,"พัฒนา 17 ทีม") -> 17 | C7: รหัส D01–D17 เป็นรหัสชั่วคราว
A8: จำนวนแถวทีมที่ผ่านในแม่แบบ | B8: =COUNTIF('01_Teams'!B6:B29,"ผ่านเดิม 7 ทีม") -> 7 | C8: รหัส Q01–Q07 เป็นรหัสชั่วคราว
A9: จำนวนแถวที่กรอกชื่อทีมแล้ว | B9: =COUNTA('01_Teams'!C6:C29) -> 0 | C9: ตรวจเทียบทะเบียนจริงก่อนใช้
A10: จำนวนงานที่บันทึกว่าเสร็จ | B10: =COUNTIF('02_Actions'!F6:F35,"เสร็จ") -> 0 | C10: นับสถานะในไฟล์ ไม่ใช่ผลตรวจโครงการ
A11: จำนวนหลักฐานที่ใส่รหัสแล้ว | B11: =COUNTA('03_Evidence'!A6:A35) -> 0 | C11: ไม่เท่ากับหลักฐานผ่านการตรวจ
A12: ลำดับใช้งาน | B12: 01_Teams → 02_Actions → 03_Evidence → 04_Gates | C12: Earth / ทีม / Mentor
A13: ผลการทดลอง | B13: 05_Metrics: กรอกนิยาม ค่าฐาน ผล และแหล่ง; ช่องคำนวณว่างจนมีข้อมูล | C13: ทีม + Business Owner/Finance
A14: เกณฑ์ประเมิน | B14: 06_Rubric: นำเกณฑ์เดิมมาเทียบก่อน; น้ำหนักยังเว้นว่าง | C14: Earth เตรียม; คณะอนุมัติ
A15: ข้อมูลลูกค้าและรหัสลับ | B15: ไม่ใส่ข้อมูลอ่อนไหวหรือรหัสลับในแฟ้มกลาง; เก็บเฉพาะลิงก์ที่จำกัดสิทธิ์ | C15: เจ้าของข้อมูล / IT
A16: คู่มือประกอบ | B16: PCC_COO_Guide_and_Accelerator_Playbook.pdf | C16: อ่านหน้า 19–23 สำหรับจังหวะงาน
A17: แบบกรอกต่อทีม | B17: PCC_Team_Evidence_Templates.docx | C17: T1–T8 ใช้เท่าที่เกี่ยวกับด่าน
A18: ความหมายของตัวเลขศูนย์ | B18: ศูนย์ในภาพรวมหมายถึงยังไม่มีรายการกรอก/ตรงเงื่อนไขในแม่แบบ ไม่ใช่ยืนยันว่าโครงการไม่มีผลงาน | C18: ข้อจำกัด

Sheet 01_Teams
A1: ทะเบียนทีมและทางไปต่อ
A2: แถว D/Q เป็นช่องเตรียมกรอก ไม่ใช่ชื่อจริง • หลัง Final Challenge ให้เลือกเส้นทางตามความพร้อม และไม่ใช้แทนที่ 7 ทีมเดิม
A5: รหัสชั่วคราว | B5: เส้นทาง | C5: ชื่อทีม | D5: หน่วยงาน | E5: Business Owner | F5: Team Lead | G5: Mentor หลัก | H5: ความพร้อม | I5: ด่านถัดไป | J5: ช่องว่างสำคัญ | K5: งานถัดไป | L5: วันที่ทบทวน | M5: Risk/Blocker | N5: ลิงก์ชุดหลักฐาน | O5: ตรวจความครบ
A6: D01 | B6: พัฒนา 17 ทีม | H6: ยังไม่ประเมิน | O6: =IF(C6="","รอกรอกชื่อทีม",IF(N6="","รอลิงก์หลักฐาน","มีลิงก์ - ต้องตรวจ")) -> รอกรอกชื่อทีม
A7: D02 | B7: พัฒนา 17 ทีม | H7: ยังไม่ประเมิน | O7: =IF(C7="","รอกรอกชื่อทีม",IF(N7="","รอลิงก์หลักฐาน","มีลิงก์ - ต้องตรวจ")) -> รอกรอกชื่อทีม
A8: D03 | B8: พัฒนา 17 ทีม | H8: ยังไม่ประเมิน | O8: =IF(C8="","รอกรอกชื่อทีม",IF(N8="","รอลิงก์หลักฐาน","มีลิงก์ - ต้องตรวจ")) -> รอกรอกชื่อทีม
A9: D04 | B9: พัฒนา 17 ทีม | H9: ยังไม่ประเมิน | O9: =IF(C9="","รอกรอกชื่อทีม",IF(N9="","รอลิงก์หลักฐาน","มีลิงก์ - ต้องตรวจ")) -> รอกรอกชื่อทีม
A10: D05 | B10: พัฒนา 17 ทีม | H10: ยังไม่ประเมิน | O10: =IF(C10="","รอกรอกชื่อทีม",IF(N10="","รอลิงก์หลักฐาน","มีลิงก์ - ต้องตรวจ")) -> รอกรอกชื่อทีม
A11: D06 | B11: พัฒนา 17 ทีม | H11: ยังไม่ประเมิน | O11: =IF(C11="","รอกรอกชื่อทีม",IF(N11="","รอลิงก์หลักฐาน","มีลิงก์ - ต้องตรวจ")) -> รอกรอกชื่อทีม
A12: D07 | B12: พัฒนา 17 ทีม | H12: ยังไม่ประเมิน | O12: =IF(C12="","รอกรอกชื่อทีม",IF(N12="","รอลิงก์หลักฐาน","มีลิงก์ - ต้องตรวจ")) -> รอกรอกชื่อทีม
A13: D08 | B13: พัฒนา 17 ทีม | H13: ยังไม่ประเมิน | O13: =IF(C13="","รอกรอกชื่อทีม",IF(N13="","รอลิงก์หลักฐาน","มีลิงก์ - ต้องตรวจ")) -> รอกรอกชื่อทีม
A14: D09 | B14: พัฒนา 17 ทีม | H14: ยังไม่ประเมิน | O14: =IF(C14="","รอกรอกชื่อทีม",IF(N14="","รอลิงก์หลักฐาน","มีลิงก์ - ต้องตรวจ")) -> รอกรอกชื่อทีม
A15: D10 | B15: พัฒนา 17 ทีม | H15: ยังไม่ประเมิน | O15: =IF(C15="","รอกรอกชื่อทีม",IF(N15="","รอลิงก์หลักฐาน","มีลิงก์ - ต้องตรวจ")) -> รอกรอกชื่อทีม
A16: D11 | B16: พัฒนา 17 ทีม | H16: ยังไม่ประเมิน | O16: =IF(C16="","รอกรอกชื่อทีม",IF(N16="","รอลิงก์หลักฐาน","มีลิงก์ - ต้องตรวจ")) -> รอกรอกชื่อทีม
A17: D12 | B17: พัฒนา 17 ทีม | H17: ยังไม่ประเมิน | O17: =IF(C17="","รอกรอกชื่อทีม",IF(N17="","รอลิงก์หลักฐาน","มีลิงก์ - ต้องตรวจ")) -> รอกรอกชื่อทีม
... A29: Q07 | B29: ผ่านเดิม 7 ทีม | H29: ยังไม่ประเมิน | O29: =IF(C29="","รอกรอกชื่อทีม",IF(N29="","รอลิงก์หลักฐาน","มีลิงก์ - ต้องตรวจ")) -> รอกรอกชื่อทีม

Sheet 02_Actions
A1: งานและประเด็นติดขัด
A2: 5 รายการ START เป็นข้อเสนอเริ่มต้น ไม่ใช่งานที่ได้รับมอบหมายหรือสถานะจริง • วันที่เตือนงานอิง 00_Start!B6
A5: Action ID | B5: Team ID | C5: งาน / สิ่งที่ต้องพิสูจน์ | D5: ผู้รับผิดชอบ | E5: กำหนดส่ง | F5: สถานะ | G5: ลิงก์หลักฐาน | H5: สิ่งที่ติด | I5: วันที่เสร็จ | J5: การเตือน
A6: START-01 | B6: โปรแกรม | C6: รวบรวมเกณฑ์เดิม คะแนน/คอมเมนต์ และสิทธิ์เข้าถึง | D6: Earth | F6: ยังไม่ยืนยัน | H6: รอตรวจต้นฉบับ | J6: =IF(A6="","",IF(OR(E6="",F6="เสร็จ",F6="ยกเลิก"),"",IF(E6<'00_Start'!$B$6,"เลยวันที่กำหนด","ยังไม่เลยกำหนด")))
A7: START-02 | B7: โปรแกรม | C7: ยืนยันวัน Challenge และคิว COO/Mentor | D7: Earth | F7: ยังไม่ยืนยัน | H7: วันจริงยังไม่ทราบ | J7: =IF(A7="","",IF(OR(E7="",F7="เสร็จ",F7="ยกเลิก"),"",IF(E7<'00_Start'!$B$6,"เลยวันที่กำหนด","ยังไม่เลยกำหนด")))
A8: START-03 | B8: โปรแกรม | C8: ตรวจนโยบายข้อมูล บัญชี AI และขอบเขตใช้งาน | D8: IT/Data/Governance | F8: ยังไม่ยืนยัน | H8: รอผู้รับผิดชอบยืนยัน | J8: =IF(A8="","",IF(OR(E8="",F8="เสร็จ",F8="ยกเลิก"),"",IF(E8<'00_Start'!$B$6,"เลยวันที่กำหนด","ยังไม่เลยกำหนด")))
A9: START-04 | B9: โปรแกรม | C9: ยืนยัน Business Owner / Mentor และผู้มีอำนาจแต่ละด่าน | D9: COO/หน่วยงาน | F9: ยังไม่ยืนยัน | H9: การแต่งตั้ง/อำนาจยังไม่ยืนยัน | J9: =IF(A9="","",IF(OR(E9="",F9="เสร็จ",F9="ยกเลิก"),"",IF(E9<'00_Start'!$B$6,"เลยวันที่กำหนด","ยังไม่เลยกำหนด")))
A10: START-05 | B10: โปรแกรม | C10: เลือกทีมหนึ่งทีมทดลองการวินิจฉัยและปรับแบบฟอร์ม | D10: Earth + Mentor | F10: ยังไม่ยืนยัน | J10: =IF(A10="","",IF(OR(E10="",F10="เสร็จ",F10="ยกเลิก"),"",IF(E10<'00_Start'!$B$6,"เลยวันที่กำหนด","ยังไม่เลยกำหนด")))
J11: =IF(A11="","",IF(OR(E11="",F11="เสร็จ",F11="ยกเลิก"),"",IF(E11<'00_Start'!$B$6,"เลยวันที่กำหนด","ยังไม่เลยกำหนด")))
J12: =IF(A12="","",IF(OR(E12="",F12="เสร็จ",F12="ยกเลิก"),"",IF(E12<'00_Start'!$B$6,"เลยวันที่กำหนด","ยังไม่เลยกำหนด")))
J13: =IF(A13="","",IF(OR(E13="",F13="เสร็จ",F13="ยกเลิก"),"",IF(E13<'00_Start'!$B$6,"เลยวันที่กำหนด","ยังไม่เลยกำหนด")))
J14: =IF(A14="","",IF(OR(E14="",F14="เสร็จ",F14="ยกเลิก"),"",IF(E14<'00_Start'!$B$6,"เลยวันที่กำหนด","ยังไม่เลยกำหนด")))
J15: =IF(A15="","",IF(OR(E15="",F15="เสร็จ",F15="ยกเลิก"),"",IF(E15<'00_Start'!$B$6,"เลยวันที่กำหนด","ยังไม่เลยกำหนด")))
J16: =IF(A16="","",IF(OR(E16="",F16="เสร็จ",F16="ยกเลิก"),"",IF(E16<'00_Start'!$B$6,"เลยวันที่กำหนด","ยังไม่เลยกำหนด")))
J17: =IF(A17="","",IF(OR(E17="",F17="เสร็จ",F17="ยกเลิก"),"",IF(E17<'00_Start'!$B$6,"เลยวันที่กำหนด","ยังไม่เลยกำหนด")))
J18: =IF(A18="","",IF(OR(E18="",F18="เสร็จ",F18="ยกเลิก"),"",IF(E18<'00_Start'!$B$6,"เลยวันที่กำหนด","ยังไม่เลยกำหนด")))
J19: =IF(A19="","",IF(OR(E19="",F19="เสร็จ",F19="ยกเลิก"),"",IF(E19<'00_Start'!$B$6,"เลยวันที่กำหนด","ยังไม่เลยกำหนด")))
J20: =IF(A20="","",IF(OR(E20="",F20="เสร็จ",F20="ยกเลิก"),"",IF(E20<'00_Start'!$B$6,"เลยวันที่กำหนด","ยังไม่เลยกำหนด")))
J21: =IF(A21="","",IF(OR(E21="",F21="เสร็จ",F21="ยกเลิก"),"",IF(E21<'00_Start'!$B$6,"เลยวันที่กำหนด","ยังไม่เลยกำหนด")))
J22: =IF(A22="","",IF(OR(E22="",F22="เสร็จ",F22="ยกเลิก"),"",IF(E22<'00_Start'!$B$6,"เลยวันที่กำหนด","ยังไม่เลยกำหนด")))
... J35: =IF(A35="","",IF(OR(E35="",F35="เสร็จ",F35="ยกเลิก"),"",IF(E35<'00_Start'!$B$6,"เลยวันที่กำหนด","ยังไม่เลยกำหนด")))

Sheet 03_Evidence
A1: ทะเบียนหลักฐาน
A2: หนึ่งแถวต่อหลักฐาน • ใส่ลิงก์ไฟล์ที่มีสิทธิ์เข้าถึงจริง เวอร์ชัน วันข้อมูล และผู้ยืนยันตามหน้าที่; ไม่อัปโหลดข้อมูลจริงซ้ำในแฟ้มนี้
A5: Evidence ID | B5: Team ID | C5: ด่าน | D5: ชนิดหลักฐาน | E5: วันที่ข้อมูล | F5: เวอร์ชัน | G5: ลิงก์ต้นฉบับ | H5: ผู้ยืนยัน | I5: ผล QC | J5: ข้อจำกัด | K5: สิทธิ์เข้าถึง

Sheet 04_Gates
A1: Gate Checklist | ชุดตั้งต้นสำหรับใช้ต่อทีม
A2: คัดลอกชุดนี้ไปใช้กับทีม/ด่านที่เกี่ยวข้อง • ทุกคำว่าไม่เกี่ยวต้องมีเหตุผล • Earth ตรวจความครบ; ผู้มีอำนาจและผู้เชี่ยวชาญตามเรื่องยืนยันการผ่าน
A5: Team ID | B5: Gate | C5: รายการตรวจ | D5: ประเภท | E5: สถานะ | F5: Evidence ID / ลิงก์ | G5: ผู้ยืนยัน | H5: ประเด็นค้าง / เงื่อนไข
B6: G1 | C6: โจทย์และ Business Owner ชัด | D6: จำเป็น | E6: ยังไม่ตรวจ
B7: G1 | C7: ค่าฐาน/นิยามและแหล่งข้อมูล | D7: จำเป็น | E7: ยังไม่ตรวจ
B8: G1 | C8: สิทธิ์ข้อมูลและเครื่องมือได้รับอนุญาต | D8: ห้ามข้าม | E8: ยังไม่ตรวจ
B9: G1 | C9: เทียบทางเลือกไม่ใช้ AI + สมมติฐานทดสอบ | D9: จำเป็น | E9: ยังไม่ตรวจ
B10: G2 | C10: ต้นแบบมีผลทดสอบ/กรณีผิดพลาด | D10: จำเป็น | E10: ยังไม่ตรวจ
B11: G2 | C11: ผู้ใช้ ขอบเขต และวิธีเทียบผล | D11: จำเป็น | E11: ยังไม่ตรวจ
B12: G2 | C12: คนอนุมัติจุดสำคัญ + เงื่อนไขหยุด | D12: ห้ามข้าม | E12: ยังไม่ตรวจ
B13: G2 | C13: ข้อมูล/ความเสี่ยงผ่านตามบริบท | D13: ห้ามข้าม | E13: ยังไม่ตรวจ
B14: G3 | C14: ผลจริง+ตัวเทียบ+ข้อจำกัด+ต้นทุน | D14: จำเป็น | E14: ยังไม่ตรวจ
B15: G3 | C15: ผู้ใช้ยืนยัน + ทีมสอนกลับ/ทำซ้ำได้ | D15: จำเป็น | E15: ยังไม่ตรวจ
B16: G3 | C16: IT/Data ยืนยันรับช่วงได้และมีแผน | D16: จำเป็น | E16: ยังไม่ตรวจ
B17: G3 | C17: ความเสี่ยง/สิทธิ์ผ่านเกณฑ์ของขั้นต่อไป | D17: ห้ามข้าม | E17: ยังไม่ตรวจ
... B25: G5 | C25: ต้นทุนขยายและขอบเขตที่อนุมัติ | D25: จำเป็น | E25: ยังไม่ตรวจ

Sheet 05_Metrics
A1: ค่าฐาน ผลทดลอง และข้อจำกัด
A2: ชื่อ KPI 5 แถวแรกเป็นตัวอย่าง ไม่ใช่ผล PCC • ค่าผลต่างบวกหมายถึงดีขึ้นตามทิศทางที่เลือก • ตัวเลขจริงต้องมีช่วงเวลา แหล่ง และผู้ยืนยัน
A5: Team ID | B5: KPI | C5: หน่วย | D5: ทิศทางที่ดี | E5: ช่วงค่าฐาน | F5: ค่าฐาน | G5: ช่วงหลังทดลอง | H5: ผลหลังทดลอง | I5: ผลต่างเชิงดีขึ้น | J5: เปลี่ยน % | K5: ตัวเทียบ/กลุ่ม | L5: แหล่งหลักฐาน | M5: ข้อจำกัด/นิยาม | N5: ผู้ยืนยัน
B6: เวลาทำงานสุทธิ | C6: นาที/งาน | D6: ลดลง | I6: =IF(OR(F6="",H6="",D6=""),"",IF(D6="ลดลง",F6-H6,H6-F6)) | J6: =IF(OR(F6="",H6="",D6="",F6=0),"",I6/ABS(F6)) | M6: รวมตรวจและแก้ AI
B7: รายการตกหล่น | C7: รายการ | D7: ลดลง | I7: =IF(OR(F7="",H7="",D7=""),"",IF(D7="ลดลง",F7-H7,H7-F7)) | J7: =IF(OR(F7="",H7="",D7="",F7=0),"",I7/ABS(F7)) | M7: นิยามงานเสร็จเหมือนกัน
B8: ชำระตรงเวลา | C8: สัดส่วน | D8: เพิ่มขึ้น | I8: =IF(OR(F8="",H8="",D8=""),"",IF(D8="ลดลง",F8-H8,H8-F8)) | J8: =IF(OR(F8="",H8="",D8="",F8=0),"",I8/ABS(F8)) | M8: ระบุจำนวนใบหรือมูลค่า
B9: DSO | C9: วัน | D9: ลดลง | I9: =IF(OR(F9="",H9="",D9=""),"",IF(D9="ลดลง",F9-H9,H9-F9)) | J9: =IF(OR(F9="",H9="",D9="",F9=0),"",I9/ABS(F9)) | M9: Finance ยืนยันฐาน/สูตร
B10: สมาชิกทำซ้ำเองได้ | C10: คน | D10: เพิ่มขึ้น | I10: =IF(OR(F10="",H10="",D10=""),"",IF(D10="ลดลง",F10-H10,H10-F10)) | J10: =IF(OR(F10="",H10="",D10="",F10=0),"",I10/ABS(F10)) | M10: ทดสอบด้วยเคสใหม่
I11: =IF(OR(F11="",H11="",D11=""),"",IF(D11="ลดลง",F11-H11,H11-F11)) | J11: =IF(OR(F11="",H11="",D11="",F11=0),"",I11/ABS(F11))
I12: =IF(OR(F12="",H12="",D12=""),"",IF(D12="ลดลง",F12-H12,H12-F12)) | J12: =IF(OR(F12="",H12="",D12="",F12=0),"",I12/ABS(F12))
I13: =IF(OR(F13="",H13="",D13=""),"",IF(D13="ลดลง",F13-H13,H13-F13)) | J13: =IF(OR(F13="",H13="",D13="",F13=0),"",I13/ABS(F13))
I14: =IF(OR(F14="",H14="",D14=""),"",IF(D14="ลดลง",F14-H14,H14-F14)) | J14: =IF(OR(F14="",H14="",D14="",F14=0),"",I14/ABS(F14))
I15: =IF(OR(F15="",H15="",D15=""),"",IF(D15="ลดลง",F15-H15,H15-F15)) | J15: =IF(OR(F15="",H15="",D15="",F15=0),"",I15/ABS(F15))
I16: =IF(OR(F16="",H16="",D16=""),"",IF(D16="ลดลง",F16-H16,H16-F16)) | J16: =IF(OR(F16="",H16="",D16="",F16=0),"",I16/ABS(F16))
I17: =IF(OR(F17="",H17="",D17=""),"",IF(D17="ลดลง",F17-H17,H17-F17)) | J17: =IF(OR(F17="",H17="",D17="",F17=0),"",I17/ABS(F17))
I18: =IF(OR(F18="",H18="",D18=""),"",IF(D18="ลดลง",F18-H18,H18-F18)) | J18: =IF(OR(F18="",H18="",D18="",F18=0),"",I18/ABS(F18))
I19: =IF(OR(F19="",H19="",D19=""),"",IF(D19="ลดลง",F19-H19,H19-F19)) | J19: =IF(OR(F19="",H19="",D19="",F19=0),"",I19/ABS(F19))
I20: =IF(OR(F20="",H20="",D20=""),"",IF(D20="ลดลง",F20-H20,H20-F20)) | J20: =IF(OR(F20="",H20="",D20="",F20=0),"",I20/ABS(F20))
I21: =IF(OR(F21="",H21="",D21=""),"",IF(D21="ลดลง",F21-H21,H21-F21)) | J21: =IF(OR(F21="",H21="",D21="",F21=0),"",I21/ABS(F21))
I22: =IF(OR(F22="",H22="",D22=""),"",IF(D22="ลดลง",F22-H22,H22-F22)) | J22: =IF(OR(F22="",H22="",D22="",F22=0),"",I22/ABS(F22))
... I25: =IF(OR(F25="",H25="",D25=""),"",IF(D25="ลดลง",F25-H25,H25-F25)) | J25: =IF(OR(F25="",H25="",D25="",F25=0),"",I25/ABS(F25))

Sheet 06_Rubric
A1: เทียบเกณฑ์เดิมก่อนปรับน้ำหนัก
A2: ยังไม่กำหนดคะแนนหรือน้ำหนัก • ความเสี่ยง/สิทธิ์เป็นเงื่อนไขห้ามผ่านแยกจากคะแนน • ต้องประกาศเกณฑ์ที่อนุมัติก่อนรอบ Challenge
A5: มิติ | B5: เกณฑ์เดิม/เวอร์ชัน | C5: น้ำหนักเดิม | D5: แนวทางพัฒนาที่เสนอ | E5: คง/ปรับ/เพิ่ม | F5: น้ำหนักใหม่ที่อนุมัติ | G5: ผู้อนุมัติ/วันที่ | H5: หลักฐาน/ข้อสังเกต
A6: คุณภาพโจทย์ | D6: ปัญหาและผู้ใช้ชัด เทียบทางเลือกไม่ใช้ AI
A7: ผลธุรกิจ | D7: ค่าฐาน ผลจริง ต้นทุน ข้อจำกัดและผู้ยืนยัน
A8: ความสามารถทีม | D8: ทำซ้ำ ตรวจข้อผิดพลาด และสอนกลับเองได้
A9: การใช้จริง | D9: ผู้ใช้ยืนยันการใช้ในงาน ไม่ใช่เดโมอย่างเดียว
A10: ใช้ซ้ำ/ขยายผล | D10: ชิ้นส่วนใช้ซ้ำและความพร้อมปลายทาง
A11: วิธีทดลอง/เทคนิค | D11: ผลทดสอบและตัวเทียบเหมาะกับโจทย์
A12: เกณฑ์เฉพาะด้าน | D12: ตัวอย่าง Finance: กระทบยอด / Engineering: ความปลอดภัย

Sheet 07_Sources
A1: แหล่งอ้างอิง และฐานข้อมูลบริบท
A2: แหล่งภายนอกเป็นเว็บไซต์ทางการที่ตรวจ 28 ก.ย. 2569 • บริบททีมมาจากผู้ใช้ ไม่ใช่เอกสารคะแนน/รายงานประชุมที่ตรวจแล้ว
A5: รหัส | B5: หน่วยงาน | C5: ชื่อเรื่อง | D5: เวอร์ชัน/วันที่ | E5: URL / ที่มา
A6: S1 | B6: MIT CISR | C6: Building Enterprise AI Maturity | D6: 19 Dec 2024; survey 2022 and interviews 2024 | E6: https://cisr.mit.edu/publication/2024_1201_EnterpriseAIMaturityModel_WeillWoernerSebastian
A7: S2 | B7: Microsoft Research / HAX | C7: Guidelines for Human-AI Interaction | D7: Research 2019; official HAX guide | E7: https://www.microsoft.com/en-us/haxtoolkit/ai-guidelines/
A8: S2a | B8: Microsoft Research | C8: Guidelines for Human-AI Interaction – research overview | D8: 4 Jun 2019 | E8: https://www.microsoft.com/en-us/research/project/guidelines-for-human-ai-interaction/
A9: S3 | B9: Stage-Gate International / Robert G. Cooper | C9: The Stage-Gate Model: An Overview | D9: Official web overview; accessed 28 Sep 2026 | E9: https://www.stage-gate.com/blog/the-stage-gate-model-an-overview/
A10: S4 | B10: NIST | C10: AI Risk Management Framework 1.0: Core | D10: 2023; revision in progress on official site | E10: https://airc.nist.gov/airmf-resources/airmf/5-sec-core/
A11: S4a | B11: NIST | C11: AI Risk Management Framework | D11: Version/status overview; accessed 28 Sep 2026 | E11: https://www.nist.gov/itl/ai-risk-management-framework
A12: S5 | B12: ISO | C12: ISO/IEC 42001:2023 – AI management systems | D12: Edition 1, Dec 2023; public overview only | E12: https://www.iso.org/standard/42001
A13: S6 | B13: OECD.AI | C13: AI Principles overview | D13: Adopted 2019; updated May 2024 | E13: https://oecd.ai/en/ai-principles
A14: S7 | B14: OpenAI | C14: Enterprise privacy at OpenAI | D14: Official product privacy page; accessed 28 Sep 2026 | E14: https://openai.com/enterprise-privacy/
A15: U1 | B15: ผู้ใช้ | C15: 17 ทีมพัฒนา / 7 ทีมเดิม / ช่วงเกือบ 3 เดือน | D15: ข้อมูลในบทสนทนา | E15: ยังรอ Earth ตรวจเทียบหลักฐานภายใน
A16: P1 | B16: ข้อเสนอ PCC | C16: G1–G5 / 12 สัปดาห์ / แบบฟอร์มและบทบาท | D16: ฉบับ 2026-09-28 | E16: ไม่ใช่โครงสร้างหรืออำนาจที่อนุมัติแล้ว
